{"cameraMode":{"drawMode":0,"name":"Shaded","section":"Shading Mode"},"sceneLighting":true,"audioPlay":false,"sceneViewState":{"showFog":true,"showMaterialUpdate":false,"showSkybox":true,"showFlares":true,"showImageEffects":true,"showParticleSystems":true},"in2DMode":false,"pivot":{"x":0.255615234375,"y":0.6660957336425781,"z":0.1656341552734375},"rotation":{"x":-0.0006708073779009283,"y":-0.9959820508956909,"z":-0.007469863165169954,"w":0.08928530663251877},"size":1.305651068687439,"orthographic":true}