{"cameraMode":{"drawMode":0,"name":"Shaded","section":"Shading Mode"},"sceneLighting":true,"audioPlay":false,"sceneViewState":{"showFog":true,"showMaterialUpdate":false,"showSkybox":true,"showFlares":true,"showImageEffects":true,"showParticleSystems":true},"in2DMode":false,"pivot":{"x":-0.008382141590118409,"y":0.5010104775428772,"z":-0.00766223669052124},"rotation":{"x":-0.029751010239124299,"y":-0.8594661355018616,"z":0.05033229663968086,"w":-0.5078620314598084},"size":2.5579280853271486,"orthographic":true}