{"cameraMode":{"drawMode":0,"name":"Shaded","section":"Shading Mode"},"sceneLighting":true,"audioPlay":false,"sceneViewState":{"showFog":true,"showMaterialUpdate":false,"showSkybox":true,"showFlares":true,"showImageEffects":true,"showParticleSystems":true},"in2DMode":false,"pivot":{"x":0.05908203125,"y":0.7619670629501343,"z":0.049280308187007907},"rotation":{"x":0.025427276268601419,"y":-0.7575271725654602,"z":0.029558222740888597,"w":0.6516414284706116},"size":2.0202555656433107,"orthographic":true}