{"cameraMode":{"drawMode":0,"name":"Shaded","section":"Shading Mode"},"sceneLighting":false,"audioPlay":false,"sceneViewState":{"showFog":true,"showMaterialUpdate":false,"showSkybox":true,"showFlares":true,"showImageEffects":true,"showParticleSystems":true},"in2DMode":false,"pivot":{"x":1.7974461317062379,"y":0.16999007761478425,"z":1.7996751070022584},"rotation":{"x":-0.024694545194506646,"y":-0.9278579354286194,"z":0.36683791875839236,"w":-0.06244847550988197},"size":7.337523937225342,"orthographic":true}