{"cameraMode":{"drawMode":0,"name":"Shaded","section":"Shading Mode"},"sceneLighting":true,"audioPlay":false,"sceneViewState":{"showFog":true,"showMaterialUpdate":false,"showSkybox":true,"showFlares":true,"showImageEffects":true,"showParticleSystems":true},"in2DMode":false,"pivot":{"x":0.8177490234375,"y":0.281005859375,"z":0.658203125},"rotation":{"x":-0.02469499222934246,"y":-0.927874743938446,"z":0.3668445646762848,"w":-0.062449607998132709},"size":2.8546547889709474,"orthographic":true}